date,country,imports,year,month,quarter,treatment,control_group,post_tariff,post_2018,post_2019,post_2025,tariff_period,log_imports,did_term
2015-01-01,China,38589.696731000004,2015,1,1,1,0,0,0,0,0,Pre-Tariff (2015-2017),10.560740595754995,0
2015-02-01,China,31563.988155,2015,2,1,1,0,0,0,0,0,Pre-Tariff (2015-2017),10.35977213437156,0
2015-03-01,China,41136.91753,2015,3,1,1,0,0,0,0,0,Pre-Tariff (2015-2017),10.624661234050777,0
2015-04-01,China,36121.394467,2015,4,2,1,0,0,0,0,0,Pre-Tariff (2015-2017),10.4946406132918,0
2015-05-01,China,39082.029905,2015,5,2,1,0,0,0,0,0,Pre-Tariff (2015-2017),10.573418047105616,0
2015-06-01,China,41453.839795,2015,6,2,1,0,0,0,0,0,Pre-Tariff (2015-2017),10.632335793064234,0
2015-07-01,China,41215.078176,2015,7,3,1,0,0,0,0,0,Pre-Tariff (2015-2017),10.626559443530681,0
2015-08-01,China,44138.055272,2015,8,3,1,0,0,0,0,0,Pre-Tariff (2015-2017),10.695077620661614,0
2015-09-01,China,45724.951242,2015,9,3,1,0,0,0,0,0,Pre-Tariff (2015-2017),10.73039940692717,0
2015-10-01,China,44309.93252,2015,10,4,1,0,0,0,0,0,Pre-Tariff (2015-2017),10.698964141285582,0
2015-11-01,China,41884.774152,2015,11,4,1,0,0,0,0,0,Pre-Tariff (2015-2017),10.642677654475962,0
2015-12-01,China,37980.997419,2015,12,4,1,0,0,0,0,0,Pre-Tariff (2015-2017),10.544841245711808,0
2016-01-01,China,37126.43412,2016,1,1,1,0,0,0,0,0,Pre-Tariff (2015-2017),10.52208450485385,0
2016-02-01,China,36066.892525,2016,2,1,1,0,0,0,0,0,Pre-Tariff (2015-2017),10.493130618952641,0
2016-03-01,China,29812.326908,2016,3,1,1,0,0,0,0,0,Pre-Tariff (2015-2017),10.302677241592878,0
2016-04-01,China,32920.204539,2016,4,2,1,0,0,0,0,0,Pre-Tariff (2015-2017),10.401841867985556,0
2016-05-01,China,37513.726589,2016,5,2,1,0,0,0,0,0,Pre-Tariff (2015-2017),10.53246218735467,0
2016-06-01,China,38539.190214,2016,6,2,1,0,0,0,0,0,Pre-Tariff (2015-2017),10.55943093017522,0
2016-07-01,China,39438.857738,2016,7,3,1,0,0,0,0,0,Pre-Tariff (2015-2017),10.582506846278909,0
2016-08-01,China,43221.774205,2016,8,3,1,0,0,0,0,0,Pre-Tariff (2015-2017),10.674099679773624,0
2016-09-01,China,42020.928547,2016,9,3,1,0,0,0,0,0,Pre-Tariff (2015-2017),10.645923071894012,0
2016-10-01,China,43798.098424,2016,10,4,1,0,0,0,0,0,Pre-Tariff (2015-2017),10.687345680444912,0
2016-11-01,China,42602.631733,2016,11,4,1,0,0,0,0,0,Pre-Tariff (2015-2017),10.659671308119247,0
2016-12-01,China,39358.926061,2016,12,4,1,0,0,0,0,0,Pre-Tariff (2015-2017),10.580478065758378,0
2017-01-01,China,41335.553396,2017,1,1,1,0,0,0,0,0,Pre-Tariff (2015-2017),10.629478265670219,0
2017-02-01,China,32784.957412,2017,2,1,1,0,0,0,0,0,Pre-Tariff (2015-2017),10.397725073688184,0
2017-03-01,China,34161.993661,2017,3,1,1,0,0,0,0,0,Pre-Tariff (2015-2017),10.438869008640937,0
2017-04-01,China,37441.870879,2017,4,2,1,0,0,0,0,0,Pre-Tariff (2015-2017),10.530544899401827,0
2017-05-01,China,41756.844722,2017,5,2,1,0,0,0,0,0,Pre-Tariff (2015-2017),10.639618662278544,0
2017-06-01,China,42258.078621,2017,6,2,1,0,0,0,0,0,Pre-Tariff (2015-2017),10.651550824471522,0
2017-07-01,China,43561.110857,2017,7,3,1,0,0,0,0,0,Pre-Tariff (2015-2017),10.681920078489409,0
2017-08-01,China,45782.311949,2017,8,3,1,0,0,0,0,0,Pre-Tariff (2015-2017),10.731653093520183,0
2017-09-01,China,45405.051275,2017,9,3,1,0,0,0,0,0,Pre-Tariff (2015-2017),10.723378639404208,0
2017-10-01,China,48133.149629,2017,10,4,1,0,0,0,0,0,Pre-Tariff (2015-2017),10.781726400193447,0
2017-11-01,China,48104.793415,2017,11,4,1,0,0,0,0,0,Pre-Tariff (2015-2017),10.781137106326108,0
2017-12-01,China,44439.382241,2017,12,4,1,0,0,0,0,0,Pre-Tariff (2015-2017),10.70188134268935,0
2018-01-01,China,45681.310362,2018,1,1,1,0,0,1,0,0,Targeted Tariffs (2018-2024),10.729444529601478,0
2018-02-01,China,38956.173961,2018,2,1,1,0,0,1,0,0,Targeted Tariffs (2018-2024),10.570192548647666,0
2018-03-01,China,38273.829291,2018,3,1,1,0,0,1,0,0,Targeted Tariffs (2018-2024),10.552521633278218,0
2018-04-01,China,38227.767574,2018,4,2,1,0,0,1,0,0,Targeted Tariffs (2018-2024),10.551317430373865,0
2018-05-01,China,43866.578304,2018,5,2,1,0,0,1,0,0,Targeted Tariffs (2018-2024),10.688907994856711,0
2018-06-01,China,44524.005052,2018,6,2,1,0,0,1,0,0,Targeted Tariffs (2018-2024),10.703783762080004,0
2018-07-01,China,47009.750007,2018,7,3,1,0,1,1,0,0,Targeted Tariffs (2018-2024),10.758110306135498,1
2018-08-01,China,47796.194112,2018,8,3,1,0,1,1,0,0,Targeted Tariffs (2018-2024),10.774701294221755,1
2018-09-01,China,49938.049895,2018,9,3,1,0,1,1,0,0,Targeted Tariffs (2018-2024),10.818538514112584,1
2018-10-01,China,52081.070497,2018,10,4,1,0,1,1,0,0,Targeted Tariffs (2018-2024),10.860556831529113,1
2018-11-01,China,46344.570969,2018,11,4,1,0,1,1,0,0,Targeted Tariffs (2018-2024),10.743859432936196,1
2018-12-01,China,45814.858502,2018,12,4,1,0,1,1,0,0,Targeted Tariffs (2018-2024),10.732363738930067,1
2019-01-01,China,41302.50818,2019,1,1,1,0,1,1,1,0,Targeted Tariffs (2018-2024),10.628678507855692,1
2019-02-01,China,33027.758098,2019,2,1,1,0,1,1,1,0,Targeted Tariffs (2018-2024),10.40510364136129,1
2019-03-01,China,31078.662933,2019,3,1,1,0,1,1,1,0,Targeted Tariffs (2018-2024),10.344276783382444,1
2019-04-01,China,34499.454932,2019,4,2,1,0,1,1,1,0,Targeted Tariffs (2018-2024),10.44869880382218,1
2019-05-01,China,39023.881706,2019,5,2,1,0,1,1,1,0,Targeted Tariffs (2018-2024),10.571929089137043,1
2019-06-01,China,38732.97518,2019,6,2,1,0,1,1,1,0,Targeted Tariffs (2018-2024),10.56444658804537,1
2019-07-01,China,41237.166159,2019,7,3,1,0,1,1,1,0,Targeted Tariffs (2018-2024),10.627095219935713,1
2019-08-01,China,40955.642945,2019,8,3,1,0,1,1,1,0,Targeted Tariffs (2018-2024),10.62024488064225,1
2019-09-01,China,39866.673154,2019,9,3,1,0,1,1,1,0,Targeted Tariffs (2018-2024),10.593295994556298,1
2019-10-01,China,39794.889454,2019,10,4,1,0,1,1,1,0,Targeted Tariffs (2018-2024),10.591493777349422,1
2019-11-01,China,36172.914882,2019,11,4,1,0,1,1,1,0,Targeted Tariffs (2018-2024),10.49606591008724,1
2019-12-01,China,33418.149084,2019,12,4,1,0,1,1,1,0,Targeted Tariffs (2018-2024),10.416854417132718,1
2020-01-01,China,32944.673286,2020,1,1,1,0,1,1,1,0,Targeted Tariffs (2018-2024),10.40258486634625,1
2020-02-01,China,22576.609689,2020,2,1,1,0,1,1,1,0,Targeted Tariffs (2018-2024),10.024669679796329,1
2020-03-01,China,19638.123468,2020,3,1,1,0,1,1,1,0,Targeted Tariffs (2018-2024),9.88522803090776,1
2020-04-01,China,30730.147843,2020,4,2,1,0,1,1,1,0,Targeted Tariffs (2018-2024),10.332999466144523,1
2020-05-01,China,36318.738261,2020,5,2,1,0,1,1,1,0,Targeted Tariffs (2018-2024),10.500089092601886,1
2020-06-01,China,37286.885658,2020,6,2,1,0,1,1,1,0,Targeted Tariffs (2018-2024),10.526396952870984,1
2020-07-01,China,40469.812982,2020,7,3,1,0,1,1,1,0,Targeted Tariffs (2018-2024),10.608311616707763,1
2020-08-01,China,40598.942662,2020,8,3,1,0,1,1,1,0,Targeted Tariffs (2018-2024),10.611497302442823,1
2020-09-01,China,41003.217161,2020,9,3,1,0,1,1,1,0,Targeted Tariffs (2018-2024),10.621405809949508,1
2020-10-01,China,44654.266193,2020,10,4,1,0,1,1,1,0,Targeted Tariffs (2018-2024),10.70670512917589,1
2020-11-01,China,44700.409933,2020,11,4,1,0,1,1,1,0,Targeted Tariffs (2018-2024),10.707737951320235,1
2020-12-01,China,41626.191515,2020,12,4,1,0,1,1,1,0,Targeted Tariffs (2018-2024),10.636484851858043,1
2021-01-01,China,38835.275419,2021,1,1,1,0,1,1,1,0,Targeted Tariffs (2018-2024),10.567084272858985,1
2021-02-01,China,33816.75994,2021,2,1,1,0,1,1,1,0,Targeted Tariffs (2018-2024),10.42871181478806,1
2021-03-01,China,39934.039704,2021,3,1,1,0,1,1,1,0,Targeted Tariffs (2018-2024),10.594984364586846,1
2021-04-01,China,37371.138998,2021,4,2,1,0,1,1,1,0,Targeted Tariffs (2018-2024),10.528654000955383,1
2021-05-01,China,38486.525451,2021,5,2,1,0,1,1,1,0,Targeted Tariffs (2018-2024),10.558063470729968,1
2021-06-01,China,39779.270246,2021,6,2,1,0,1,1,1,0,Targeted Tariffs (2018-2024),10.591101207493592,1
2021-07-01,China,40290.914463,2021,7,3,1,0,1,1,1,0,Targeted Tariffs (2018-2024),10.603881274949414,1
2021-08-01,China,42897.843401,2021,8,3,1,0,1,1,1,0,Targeted Tariffs (2018-2024),10.666576833279551,1
2021-09-01,China,47350.944635,2021,9,3,1,0,1,1,1,0,Targeted Tariffs (2018-2024),10.765342048468023,1
2021-10-01,China,47873.453886,2021,10,4,1,0,1,1,1,0,Targeted Tariffs (2018-2024),10.77631643115206,1
2021-11-01,China,48234.758989,2021,11,4,1,0,1,1,1,0,Targeted Tariffs (2018-2024),10.783835180992192,1
2021-12-01,China,49375.341266,2021,12,4,1,0,1,1,1,0,Targeted Tariffs (2018-2024),10.807206413895994,1
2022-01-01,China,47667.077458,2022,1,1,1,0,1,1,1,0,Targeted Tariffs (2018-2024),10.7719962385368,1
2022-02-01,China,42297.863971,2022,2,1,1,0,1,1,1,0,Targeted Tariffs (2018-2024),10.652491866619865,1
2022-03-01,China,47285.271444,2022,3,1,1,0,1,1,1,0,Targeted Tariffs (2018-2024),10.763954140027405,1
2022-04-01,China,41727.289477,2022,4,2,1,0,1,1,1,0,Targeted Tariffs (2018-2024),10.638910617653817,1
2022-05-01,China,43769.593642,2022,5,2,1,0,1,1,1,0,Targeted Tariffs (2018-2024),10.686694646203074,1
2022-06-01,China,48488.064176,2022,6,2,1,0,1,1,1,0,Targeted Tariffs (2018-2024),10.789072947174215,1
2022-07-01,China,46565.042288,2022,7,3,1,0,1,1,1,0,Targeted Tariffs (2018-2024),10.748605373105244,1
2022-08-01,China,50383.134999,2022,8,3,1,0,1,1,1,0,Targeted Tariffs (2018-2024),10.827411775024965,1
2022-09-01,China,49270.250025,2022,9,3,1,0,1,1,1,0,Targeted Tariffs (2018-2024),10.805075730114133,1
2022-10-01,China,44670.639494,2022,10,4,1,0,1,1,1,0,Targeted Tariffs (2018-2024),10.707071730205188,1
2022-11-01,China,36915.67136,2022,11,4,1,0,1,1,1,0,Targeted Tariffs (2018-2024),10.516391437972887,1
2022-12-01,China,37228.7909,2022,12,4,1,0,1,1,1,0,Targeted Tariffs (2018-2024),10.524837689841942,1
2023-01-01,China,38166.089291,2023,1,1,1,0,1,1,1,0,Targeted Tariffs (2018-2024),10.549702685447171,1
2023-02-01,China,30569.756691,2023,2,1,1,0,1,1,1,0,Targeted Tariffs (2018-2024),10.327766455775679,1
2023-03-01,China,30791.607258,2023,3,1,1,0,1,1,1,0,Targeted Tariffs (2018-2024),10.3349974402057,1
2023-04-01,China,33071.357368,2023,4,2,1,0,1,1,1,0,Targeted Tariffs (2018-2024),10.406422850431357,1
2023-05-01,China,35881.039803,2023,5,2,1,0,1,1,1,0,Targeted Tariffs (2018-2024),10.487964295769542,1
2023-06-01,China,34312.779447,2023,6,2,1,0,1,1,1,0,Targeted Tariffs (2018-2024),10.443273142393586,1
2023-07-01,China,36108.078368,2023,7,3,1,0,1,1,1,0,Targeted Tariffs (2018-2024),10.494271896793446,1
2023-08-01,China,36828.481231,2023,8,3,1,0,1,1,1,0,Targeted Tariffs (2018-2024),10.514026771309439,1
2023-09-01,China,40247.941237,2023,9,3,1,0,1,1,1,0,Targeted Tariffs (2018-2024),10.60281413214723,1
2023-10-01,China,41548.452853,2023,10,4,1,0,1,1,1,0,Targeted Tariffs (2018-2024),10.634615563802118,1
2023-11-01,China,35537.3694,2023,11,4,1,0,1,1,1,0,Targeted Tariffs (2018-2024),10.478340080961296,1
2023-12-01,China,34183.629889,2023,12,4,1,0,1,1,1,0,Targeted Tariffs (2018-2024),10.439502150240909,1
2024-01-01,China,35782.600942,2024,1,1,1,0,1,1,1,0,Targeted Tariffs (2018-2024),10.485217047042307,1
2024-02-01,China,31863.625771,2024,2,1,1,0,1,1,1,0,Targeted Tariffs (2018-2024),10.369220380221837,1
2024-03-01,China,29924.780142,2024,3,1,1,0,1,1,1,0,Targeted Tariffs (2018-2024),10.306442183431766,1
2024-04-01,China,31602.676956,2024,4,2,1,0,1,1,1,0,Targeted Tariffs (2018-2024),10.36099710978446,1
2024-05-01,China,34995.265867,2024,5,2,1,0,1,1,1,0,Targeted Tariffs (2018-2024),10.462968070380107,1
2024-06-01,China,34169.113741,2024,6,2,1,0,1,1,1,0,Targeted Tariffs (2018-2024),10.439077408015585,1
2024-07-01,China,40801.06899,2024,7,3,1,0,1,1,1,0,Targeted Tariffs (2018-2024),10.616463560784315,1
2024-08-01,China,39811.237007,2024,8,3,1,0,1,1,1,0,Targeted Tariffs (2018-2024),10.591904488282275,1
2024-09-01,China,43018.169857,2024,9,3,1,0,1,1,1,0,Targeted Tariffs (2018-2024),10.669377860238509,1
2024-10-01,China,41444.88019,2024,10,4,1,0,1,1,1,0,Targeted Tariffs (2018-2024),10.63211963520229,1
2024-11-01,China,37774.833328,2024,11,4,1,0,1,1,1,0,Targeted Tariffs (2018-2024),10.539398374900895,1
2024-12-01,China,37553.745287,2024,12,4,1,0,1,1,1,0,Targeted Tariffs (2018-2024),10.533528393550002,1
2025-01-01,China,41639.17075,2025,1,1,1,0,1,1,1,1,Universal Tariffs (2025),10.636796607785167,1
2025-02-01,China,31635.372246,2025,2,1,1,0,1,1,1,1,Universal Tariffs (2025),10.3620311484155,1
2025-03-01,China,29383.677776,2025,3,1,1,0,1,1,1,1,Universal Tariffs (2025),10.288194621471503,1
2025-04-01,China,25378.077558,2025,4,2,1,0,1,1,1,1,Universal Tariffs (2025),10.141640992063783,1
2025-05-01,China,20493.855247,2025,5,2,1,0,1,1,1,1,Universal Tariffs (2025),9.927880376145493,1
2025-06-01,China,18948.674201,2025,6,2,1,0,1,1,1,1,Universal Tariffs (2025),9.849489245055132,1
2025-07-01,China,26411.38867,2025,7,3,1,0,1,1,1,1,Universal Tariffs (2025),10.181550585128068,1
2025-08-01,China,25132.621489,2025,8,3,1,0,1,1,1,1,Universal Tariffs (2025),10.13192194220801,1
2015-01-01,Mexico,22261.08611,2015,1,1,0,1,0,0,0,0,Pre-Tariff (2015-2017),10.010595415642838,0
2015-02-01,Mexico,22706.549902,2015,2,1,0,1,0,0,0,0,Pre-Tariff (2015-2017),10.0304087037876,0
2015-03-01,Mexico,25651.682135,2015,3,1,0,1,0,0,0,0,Pre-Tariff (2015-2017),10.152364428760512,0
2015-04-01,Mexico,24704.745498,2015,4,2,0,1,0,0,0,0,Pre-Tariff (2015-2017),10.114750629587444,0
2015-05-01,Mexico,24482.502226,2015,5,2,0,1,0,0,0,0,Pre-Tariff (2015-2017),10.105713946517033,0
2015-06-01,Mexico,26919.217962,2015,6,2,0,1,0,0,0,0,Pre-Tariff (2015-2017),10.200595732890926,0
2015-07-01,Mexico,24804.806979,2015,7,3,0,1,0,0,0,0,Pre-Tariff (2015-2017),10.118792743168893,0
2015-08-01,Mexico,24693.76639,2015,8,3,0,1,0,0,0,0,Pre-Tariff (2015-2017),10.114306117890182,0
2015-09-01,Mexico,25331.316173,2015,9,3,0,1,0,0,0,0,Pre-Tariff (2015-2017),10.13979670268014,0
2015-10-01,Mexico,27672.193708,2015,10,4,0,1,0,0,0,0,Pre-Tariff (2015-2017),10.228183350737055,0
2015-11-01,Mexico,24049.508619,2015,11,4,0,1,0,0,0,0,Pre-Tariff (2015-2017),10.087869843682768,0
2015-12-01,Mexico,23155.949322,2015,12,4,0,1,0,0,0,0,Pre-Tariff (2015-2017),10.050007016649255,0
2016-01-01,Mexico,22337.723342,2016,1,1,0,1,0,0,0,0,Pre-Tariff (2015-2017),10.014032157940362,0
2016-02-01,Mexico,23121.746528,2016,2,1,0,1,0,0,0,0,Pre-Tariff (2015-2017),10.048528861801683,0
2016-03-01,Mexico,24692.111632,2016,3,1,0,1,0,0,0,0,Pre-Tariff (2015-2017),10.11423910448202,0
2016-04-01,Mexico,24985.773651,2016,4,2,0,1,0,0,0,0,Pre-Tariff (2015-2017),10.126061887917682,0
2016-05-01,Mexico,24761.062479,2016,5,2,0,1,0,0,0,0,Pre-Tariff (2015-2017),10.117027636984501,0
2016-06-01,Mexico,24809.622976,2016,6,2,0,1,0,0,0,0,Pre-Tariff (2015-2017),10.118986880117337,0
2016-07-01,Mexico,22944.587756,2016,7,3,0,1,0,0,0,0,Pre-Tariff (2015-2017),10.040837360051713,0
2016-08-01,Mexico,25544.937654,2016,8,3,0,1,0,0,0,0,Pre-Tariff (2015-2017),10.148194441127744,0
2016-09-01,Mexico,25122.16115,2016,9,3,0,1,0,0,0,0,Pre-Tariff (2015-2017),10.131505649922907,0
2016-10-01,Mexico,26358.862675,2016,10,4,0,1,0,0,0,0,Pre-Tariff (2015-2017),10.179559841820687,0
2016-11-01,Mexico,25358.0766,2016,11,4,0,1,0,0,0,0,Pre-Tariff (2015-2017),10.140852561826291,0
2016-12-01,Mexico,23463.940217,2016,12,4,0,1,0,0,0,0,Pre-Tariff (2015-2017),10.063220062793489,0
2017-01-01,Mexico,23458.559937,2017,1,1,0,1,0,0,0,0,Pre-Tariff (2015-2017),10.062990736563815,0
2017-02-01,Mexico,23806.874965,2017,2,1,0,1,0,0,0,0,Pre-Tariff (2015-2017),10.077729682022001,0
2017-03-01,Mexico,27920.627811,2017,3,1,0,1,0,0,0,0,Pre-Tariff (2015-2017),10.237121042690836,0
2017-04-01,Mexico,25017.467801,2017,4,2,0,1,0,0,0,0,Pre-Tariff (2015-2017),10.127329571904724,0
2017-05-01,Mexico,27032.582237,2017,5,2,0,1,0,0,0,0,Pre-Tariff (2015-2017),10.204798166968029,0
2017-06-01,Mexico,27153.754084,2017,6,2,0,1,0,0,0,0,Pre-Tariff (2015-2017),10.209270587773927,0
2017-07-01,Mexico,24514.74541,2017,7,3,0,1,0,0,0,0,Pre-Tariff (2015-2017),10.107030068961043,0
2017-08-01,Mexico,26924.36987,2017,8,3,0,1,0,0,0,0,Pre-Tariff (2015-2017),10.200787098593814,0
2017-09-01,Mexico,25731.991377,2017,9,3,0,1,0,0,0,0,Pre-Tariff (2015-2017),10.155490297422798,0
2017-10-01,Mexico,28572.107216,2017,10,4,0,1,0,0,0,0,Pre-Tariff (2015-2017),10.260186248752772,0
2017-11-01,Mexico,27481.066952,2017,11,4,0,1,0,0,0,0,Pre-Tariff (2015-2017),10.221252572074551,0
2017-12-01,Mexico,25052.592836,2017,12,4,0,1,0,0,0,0,Pre-Tariff (2015-2017),10.128732607583736,0
2018-01-01,Mexico,25788.215741,2018,1,1,0,1,0,1,0,0,Targeted Tariffs (2018-2024),10.157672912340917,0
2018-02-01,Mexico,25777.142669,2018,2,1,0,1,0,1,0,0,Targeted Tariffs (2018-2024),10.157243435168194,0
2018-03-01,Mexico,29754.137946,2018,3,1,0,1,0,1,0,0,Targeted Tariffs (2018-2024),10.30072349192342,0
2018-04-01,Mexico,27895.040348,2018,4,2,0,1,0,1,0,0,Targeted Tariffs (2018-2024),10.236204186702674,0
2018-05-01,Mexico,29209.179529,2018,5,2,0,1,0,1,0,0,Targeted Tariffs (2018-2024),10.282238306284793,0
2018-06-01,Mexico,29349.892896,2018,6,2,0,1,0,1,0,0,Targeted Tariffs (2018-2024),10.287044176050266,0
2018-07-01,Mexico,27999.48831,2018,7,3,0,1,1,1,0,0,Targeted Tariffs (2018-2024),10.2399415143475,0
2018-08-01,Mexico,30885.907159,2018,8,3,0,1,1,1,0,0,Targeted Tariffs (2018-2024),10.338055279853414,0
2018-09-01,Mexico,28984.790343,2018,9,3,0,1,1,1,0,0,Targeted Tariffs (2018-2024),10.27452650045459,0
2018-10-01,Mexico,31636.756798,2018,10,4,0,1,1,1,0,0,Targeted Tariffs (2018-2024),10.362074913404008,0
2018-11-01,Mexico,29464.671352,2018,11,4,0,1,1,1,0,0,Targeted Tariffs (2018-2024),10.290947243366267,0
2018-12-01,Mexico,26935.317419,2018,12,4,0,1,1,1,0,0,Targeted Tariffs (2018-2024),10.20119361967486,0
2019-01-01,Mexico,27557.995759,2019,1,1,0,1,1,1,1,0,Targeted Tariffs (2018-2024),10.22404799966023,0
2019-02-01,Mexico,27485.222761,2019,2,1,0,1,1,1,1,0,Targeted Tariffs (2018-2024),10.221403785082728,0
2019-03-01,Mexico,31111.754186,2019,3,1,0,1,1,1,1,0,Targeted Tariffs (2018-2024),10.345340974865826,0
2019-04-01,Mexico,30229.048253,2019,4,2,0,1,1,1,1,0,Targeted Tariffs (2018-2024),10.316558603751588,0
2019-05-01,Mexico,31907.669816,2019,5,2,0,1,1,1,1,0,Targeted Tariffs (2018-2024),10.370601692976978,0
2019-06-01,Mexico,30193.358032,2019,6,2,0,1,1,1,1,0,Targeted Tariffs (2018-2024),10.315377246458983,0
2019-07-01,Mexico,29953.511976,2019,7,3,0,1,1,1,1,0,Targeted Tariffs (2018-2024),10.307401857971197,0
2019-08-01,Mexico,30887.235941,2019,8,3,0,1,1,1,1,0,Targeted Tariffs (2018-2024),10.33809830120326,0
2019-09-01,Mexico,29273.757502,2019,9,3,0,1,1,1,1,0,Targeted Tariffs (2018-2024),10.284446745276577,0
2019-10-01,Mexico,30932.978041,2019,10,4,0,1,1,1,1,0,Targeted Tariffs (2018-2024),10.339578144296686,0
2019-11-01,Mexico,29060.754817,2019,11,4,0,1,1,1,1,0,Targeted Tariffs (2018-2024),10.277143911219154,0
2019-12-01,Mexico,27500.296961,2019,12,4,0,1,1,1,1,0,Targeted Tariffs (2018-2024),10.221952082178177,0
2020-01-01,Mexico,28202.281911,2020,1,1,0,1,1,1,1,0,Targeted Tariffs (2018-2024),10.24715817248224,0
2020-02-01,Mexico,28903.203952,2020,2,1,0,1,1,1,1,0,Targeted Tariffs (2018-2024),10.271707731346636,0
2020-03-01,Mexico,29882.071459,2020,3,1,0,1,1,1,1,0,Targeted Tariffs (2018-2024),10.305013962780903,0
2020-04-01,Mexico,15771.982737,2020,4,2,0,1,1,1,1,0,Targeted Tariffs (2018-2024),9.6659904004623,0
2020-05-01,Mexico,14857.386976,2020,5,2,0,1,1,1,1,0,Targeted Tariffs (2018-2024),9.6062524600101309,0
2020-06-01,Mexico,25672.078884,2020,6,2,0,1,1,1,1,0,Targeted Tariffs (2018-2024),10.153159255549072,0
2020-07-01,Mexico,28878.18955,2020,7,3,0,1,1,1,1,0,Targeted Tariffs (2018-2024),10.270841902329831,0
2020-08-01,Mexico,29555.632641,2020,8,3,0,1,1,1,1,0,Targeted Tariffs (2018-2024),10.294029618578351,0
2020-09-01,Mexico,29788.03202,2020,9,3,0,1,1,1,1,0,Targeted Tariffs (2018-2024),10.30186198175946,0
2020-10-01,Mexico,32785.496819,2020,10,4,0,1,1,1,1,0,Targeted Tariffs (2018-2024),10.397741526433748,0
2020-11-01,Mexico,29819.707574,2020,11,4,0,1,1,1,1,0,Targeted Tariffs (2018-2024),10.302924781899083,0
2020-12-01,Mexico,29360.853468,2020,12,4,0,1,1,1,1,0,Targeted Tariffs (2018-2024),10.287417551379525,0
2021-01-01,Mexico,28976.451284,2021,1,1,0,1,1,1,1,0,Targeted Tariffs (2018-2024),10.27423875440832,0
2021-02-01,Mexico,27201.783374,2021,2,1,0,1,1,1,1,0,Targeted Tariffs (2018-2024),10.211037815355372,0
2021-03-01,Mexico,33313.889483,2021,3,1,0,1,1,1,1,0,Targeted Tariffs (2018-2024),10.413729690597439,0
2021-04-01,Mexico,31991.844406,2021,4,2,0,1,1,1,1,0,Targeted Tariffs (2018-2024),10.373236286986446,0
2021-05-01,Mexico,31108.854912,2021,5,2,0,1,1,1,1,0,Targeted Tariffs (2018-2024),10.345247781499701,0
2021-06-01,Mexico,32776.616579,2021,6,2,0,1,1,1,1,0,Targeted Tariffs (2018-2024),10.397470630954817,0
2021-07-01,Mexico,31818.084797,2021,7,3,0,1,1,1,1,0,Targeted Tariffs (2018-2024),10.367790111425434,0
2021-08-01,Mexico,31957.126193,2021,8,3,0,1,1,1,1,0,Targeted Tariffs (2018-2024),10.372150476969933,0
2021-09-01,Mexico,31829.475316,2021,9,3,0,1,1,1,1,0,Targeted Tariffs (2018-2024),10.368148036194313,0
2021-10-01,Mexico,34138.925977,2021,10,4,0,1,1,1,1,0,Targeted Tariffs (2018-2024),10.438193536480405,0
2021-11-01,Mexico,34470.179273,2021,11,4,0,1,1,1,1,0,Targeted Tariffs (2018-2024),10.447849860338698,0
2021-12-01,Mexico,32986.107656,2021,12,4,0,1,1,1,1,0,Targeted Tariffs (2018-2024),10.403841771690397,0
2022-01-01,Mexico,33154.724468,2022,1,1,0,1,1,1,1,0,Targeted Tariffs (2018-2024),10.408940503347685,0
2022-02-01,Mexico,32506.486686,2022,2,1,0,1,1,1,1,0,Targeted Tariffs (2018-2024),10.389194938740788,0
2022-03-01,Mexico,40012.883474,2022,3,1,0,1,1,1,1,0,Targeted Tariffs (2018-2024),10.596956768087239,0
2022-04-01,Mexico,38516.00897,2022,4,2,0,1,1,1,1,0,Targeted Tariffs (2018-2024),10.558829251250375,0
2022-05-01,Mexico,39444.462145,2022,5,2,0,1,1,1,1,0,Targeted Tariffs (2018-2024),10.582648939867711,0
2022-06-01,Mexico,39121.482902,2022,6,2,0,1,1,1,1,0,Targeted Tariffs (2018-2024),10.574427029923163,0
2022-07-01,Mexico,37685.528471,2022,7,3,0,1,1,1,1,0,Targeted Tariffs (2018-2024),10.537031439557245,0
2022-08-01,Mexico,39778.769988,2022,8,3,0,1,1,1,1,0,Targeted Tariffs (2018-2024),10.591088631567928,0
2022-09-01,Mexico,39196.478729,2022,9,3,0,1,1,1,1,0,Targeted Tariffs (2018-2024),10.57634219340191,0
2022-10-01,Mexico,40143.500967,2022,10,4,0,1,1,1,1,0,Targeted Tariffs (2018-2024),10.600215837455801,0
2022-11-01,Mexico,36638.794268,2022,11,4,0,1,1,1,1,0,Targeted Tariffs (2018-2024),10.50886291071385,0
2022-12-01,Mexico,35815.845443,2022,12,4,0,1,1,1,1,0,Targeted Tariffs (2018-2024),10.486145684605482,0
2023-01-01,Mexico,36720.623234,2023,1,1,0,1,1,1,1,0,Targeted Tariffs (2018-2024),10.51109381719388,0
2023-02-01,Mexico,35502.242434,2023,2,1,0,1,1,1,1,0,Targeted Tariffs (2018-2024),10.477351140623476,0
2023-03-01,Mexico,42653.743395,2023,3,1,0,1,1,1,1,0,Targeted Tariffs (2018-2024),10.660870319173764,0
2023-04-01,Mexico,37873.907188,2023,4,2,0,1,1,1,1,0,Targeted Tariffs (2018-2024),10.5420176892733,0
2023-05-01,Mexico,41055.383496,2023,5,2,0,1,1,1,1,0,Targeted Tariffs (2018-2024),10.622677251129588,0
2023-06-01,Mexico,40850.096914,2023,6,2,0,1,1,1,1,0,Targeted Tariffs (2018-2024),10.617664472721076,0
2023-07-01,Mexico,38716.806141,2023,7,3,0,1,1,1,1,0,Targeted Tariffs (2018-2024),10.56402905196046,0
2023-08-01,Mexico,41475.394544,2023,8,3,0,1,1,1,1,0,Targeted Tariffs (2018-2024),10.632855627828347,0
2023-09-01,Mexico,39285.134508,2023,9,3,0,1,1,1,1,0,Targeted Tariffs (2018-2024),10.578601469506314,0
2023-10-01,Mexico,42736.476418,2023,10,4,0,1,1,1,1,0,Targeted Tariffs (2018-2024),10.66280808321909,0
2023-11-01,Mexico,39614.571816,2023,11,4,0,1,1,1,1,0,Targeted Tariffs (2018-2024),10.586952304707836,0
2023-12-01,Mexico,36422.988047,2023,12,4,0,1,1,1,1,0,Targeted Tariffs (2018-2024),10.50295539404027,0
2024-01-01,Mexico,37960.125983,2024,1,1,0,1,1,1,1,0,Targeted Tariffs (2018-2024),10.544291571553973,0
2024-02-01,Mexico,40187.070212,2024,2,1,0,1,1,1,1,0,Targeted Tariffs (2018-2024),10.601300586353581,0
2024-03-01,Mexico,41530.577463,2024,3,1,0,1,1,1,1,0,Targeted Tariffs (2018-2024),10.634185241247609,0
2024-04-01,Mexico,43033.123395,2024,4,2,0,1,1,1,1,0,Targeted Tariffs (2018-2024),10.66972540964969,0
2024-05-01,Mexico,43886.885597,2024,5,2,0,1,1,1,1,0,Targeted Tariffs (2018-2024),10.689370820879976,0
2024-06-01,Mexico,42213.048918,2024,6,2,0,1,1,1,1,0,Targeted Tariffs (2018-2024),10.65048466829302,0
2024-07-01,Mexico,41908.873109,2024,7,3,0,1,1,1,1,0,Targeted Tariffs (2018-2024),10.643252852201618,0
2024-08-01,Mexico,43684.988479,2024,8,3,0,1,1,1,1,0,Targeted Tariffs (2018-2024),10.684759809003191,0
2024-09-01,Mexico,44173.822603,2024,9,3,0,1,1,1,1,0,Targeted Tariffs (2018-2024),10.695887643816286,0
2024-10-01,Mexico,45483.34594,2024,10,4,0,1,1,1,1,0,Targeted Tariffs (2018-2024),10.725101514639462,0
2024-11-01,Mexico,42242.693041,2024,11,4,0,1,1,1,1,0,Targeted Tariffs (2018-2024),10.651186672053328,0
2024-12-01,Mexico,39218.619785,2024,12,4,0,1,1,1,1,0,Targeted Tariffs (2018-2024),10.576906907519675,0
2025-01-01,Mexico,41678.591417,2025,1,1,0,1,1,1,1,1,Universal Tariffs (2025),10.637742880678635,0
2025-02-01,Mexico,41638.739522,2025,2,1,0,1,1,1,1,1,Universal Tariffs (2025),10.636786251425393,0
2025-03-01,Mexico,47981.831804,2025,3,1,0,1,1,1,1,1,Universal Tariffs (2025),10.778577714155944,0
2025-04-01,Mexico,41868.767207,2025,4,2,0,1,1,1,1,1,Universal Tariffs (2025),10.642295415231265,0
2025-05-01,Mexico,46342.030163,2025,5,2,0,1,1,1,1,1,Universal Tariffs (2025),10.743804607190736,0
2025-06-01,Mexico,44872.76665,2025,6,2,0,1,1,1,1,1,Universal Tariffs (2025),10.711586356306974,0
2025-07-01,Mexico,45365.956017,2025,7,3,0,1,1,1,1,1,Universal Tariffs (2025),10.72251723527124,0
2025-08-01,Mexico,45146.257797,2025,8,3,0,1,1,1,1,1,Universal Tariffs (2025),10.717662671622705,0
2015-01-01,Canada,25843.788846,2015,1,1,0,1,0,0,0,0,Pre-Tariff (2015-2017),10.159825574315008,0
2015-02-01,Canada,23265.83933,2015,2,1,0,1,0,0,0,0,Pre-Tariff (2015-2017),10.0547414405676,0
2015-03-01,Canada,25778.359222,2015,3,1,0,1,0,0,0,0,Pre-Tariff (2015-2017),10.157290629083706,0
2015-04-01,Canada,24763.008848,2015,4,2,0,1,0,0,0,0,Pre-Tariff (2015-2017),10.117106239932475,0
2015-05-01,Canada,24283.240488,2015,5,2,0,1,0,0,0,0,Pre-Tariff (2015-2017),10.09754169952995,0
2015-06-01,Canada,27352.21113,2015,6,2,0,1,0,0,0,0,Pre-Tariff (2015-2017),10.216552650286129,0
2015-07-01,Canada,24717.914452,2015,7,3,0,1,0,0,0,0,Pre-Tariff (2015-2017),10.115283541184066,0
2015-08-01,Canada,24816.653574,2015,8,3,0,1,0,0,0,0,Pre-Tariff (2015-2017),10.119270221868351,0
2015-09-01,Canada,25289.207709,2015,9,3,0,1,0,0,0,0,Pre-Tariff (2015-2017),10.138133010940768,0
2015-10-01,Canada,23669.240607,2015,10,4,0,1,0,0,0,0,Pre-Tariff (2015-2017),10.07193161948387,0
2015-11-01,Canada,22912.582718,2015,11,4,0,1,0,0,0,0,Pre-Tariff (2015-2017),10.039441502310565,0
2015-12-01,Canada,23613.033939,2015,12,4,0,1,0,0,0,0,Pre-Tariff (2015-2017),10.069554124111013,0
2016-01-01,Canada,22268.349212,2016,1,1,0,1,0,0,0,0,Pre-Tariff (2015-2017),10.01092163141503,0
2016-02-01,Canada,21813.045546,2016,2,1,0,1,0,0,0,0,Pre-Tariff (2015-2017),9.990263489336892,0
2016-03-01,Canada,23179.425295,2016,3,1,0,1,0,0,0,0,Pre-Tariff (2015-2017),10.05102032344575,0
2016-04-01,Canada,22220.328435,2016,4,2,0,1,0,0,0,0,Pre-Tariff (2015-2017),10.008762844137488,0
2016-05-01,Canada,23021.956439,2016,5,2,0,1,0,0,0,0,Pre-Tariff (2015-2017),10.044203667326576,0
2016-06-01,Canada,24231.136914,2016,6,2,0,1,0,0,0,0,Pre-Tariff (2015-2017),10.095393734459677,0
2016-07-01,Canada,21608.554179,2016,7,3,0,1,0,0,0,0,Pre-Tariff (2015-2017),9.980844542079895,0
2016-08-01,Canada,24216.99658,2016,8,3,0,1,0,0,0,0,Pre-Tariff (2015-2017),10.094810003637384,0
2016-09-01,Canada,23748.952106,2016,9,3,0,1,0,0,0,0,Pre-Tariff (2015-2017),10.075293686636758,0
2016-10-01,Canada,23848.174844,2016,10,4,0,1,0,0,0,0,Pre-Tariff (2015-2017),10.079462966931166,0
2016-11-01,Canada,24409.721743,2016,11,4,0,1,0,0,0,0,Pre-Tariff (2015-2017),10.102736764018468,0
2016-12-01,Canada,23153.172188,2016,12,4,0,1,0,0,0,0,Pre-Tariff (2015-2017),10.049887077686357,0
2017-01-01,Canada,24390.145396,2017,1,1,0,1,0,0,0,0,Pre-Tariff (2015-2017),10.10193445248781,0
2017-02-01,Canada,23384.615178,2017,2,1,0,1,0,0,0,0,Pre-Tariff (2015-2017),10.059833614091296,0
2017-03-01,Canada,25997.909759,2017,3,1,0,1,0,0,0,0,Pre-Tariff (2015-2017),10.165771419887243,0
2017-04-01,Canada,24153.678601,2017,4,2,0,1,0,0,0,0,Pre-Tariff (2015-2017),10.092191970503519,0
2017-05-01,Canada,26288.561062,2017,5,2,0,1,0,0,0,0,Pre-Tariff (2015-2017),10.17688918294339,0
2017-06-01,Canada,25891.007587,2017,6,2,0,1,0,0,0,0,Pre-Tariff (2015-2017),10.161650989987525,0
2017-07-01,Canada,22800.971236,2017,7,3,0,1,0,0,0,0,Pre-Tariff (2015-2017),10.034558412105435,0
2017-08-01,Canada,24905.234086,2017,8,3,0,1,0,0,0,0,Pre-Tariff (2015-2017),10.122833264620008,0
2017-09-01,Canada,24211.011221,2017,9,3,0,1,0,0,0,0,Pre-Tariff (2015-2017),10.094562817791743,0
2017-10-01,Canada,25655.086158,2017,10,4,0,1,0,0,0,0,Pre-Tariff (2015-2017),10.152497121702135,0
2017-11-01,Canada,26131.35671,2017,11,4,0,1,0,0,0,0,Pre-Tariff (2015-2017),10.170891278712897,0
2017-12-01,Canada,25255.844168,2017,12,4,0,1,0,0,0,0,Pre-Tariff (2015-2017),10.136812860120598,0
2018-01-01,Canada,26184.355367,2018,1,1,0,1,0,1,0,0,Targeted Tariffs (2018-2024),10.172917388003064,0
2018-02-01,Canada,23997.422647,2018,2,1,0,1,0,1,0,0,Targeted Tariffs (2018-2024),10.085701713855062,0
2018-03-01,Canada,26954.207703,2018,3,1,0,1,0,1,0,0,Targeted Tariffs (2018-2024),10.201894694131573,0
2018-04-01,Canada,26533.322153,2018,4,2,0,1,0,1,0,0,Targeted Tariffs (2018-2024),10.186156661794929,0
2018-05-01,Canada,28163.890566,2018,5,2,0,1,0,1,0,0,Targeted Tariffs (2018-2024),10.245795960032838,0
2018-06-01,Canada,28040.367902,2018,6,2,0,1,0,1,0,0,Targeted Tariffs (2018-2024),10.24140046167586,0
2018-07-01,Canada,26834.570371,2018,7,3,0,1,1,1,0,0,Targeted Tariffs (2018-2024),10.197446274458546,0
2018-08-01,Canada,27958.942171,2018,8,3,0,1,1,1,0,0,Targeted Tariffs (2018-2024),10.238492361976814,0
2018-09-01,Canada,26297.212679,2018,9,3,0,1,1,1,0,0,Targeted Tariffs (2018-2024),10.177218230762318,0
2018-10-01,Canada,28054.861875,2018,10,4,0,1,1,1,0,0,Targeted Tariffs (2018-2024),10.241917224808134,0
2018-11-01,Canada,25626.614915,2018,11,4,0,1,1,1,0,0,Targeted Tariffs (2018-2024),10.151386735528135,0
2018-12-01,Canada,23929.004397,2018,12,4,0,1,1,1,0,0,Targeted Tariffs (2018-2024),10.082846575231232,0
2019-01-01,Canada,23348.268866,2019,1,1,0,1,1,1,1,0,Targeted Tariffs (2018-2024),10.058278121847579,0
2019-02-01,Canada,22814.826424,2019,2,1,0,1,1,1,1,0,Targeted Tariffs (2018-2024),10.035165885355354,0
2019-03-01,Canada,27549.187939,2019,3,1,0,1,1,1,1,0,Targeted Tariffs (2018-2024),10.223728338248272,0
2019-04-01,Canada,26731.595686,2019,4,2,0,1,1,1,1,0,Targeted Tariffs (2018-2024),10.193601503797144,0
2019-05-01,Canada,29196.405509,2019,5,2,0,1,1,1,1,0,Targeted Tariffs (2018-2024),10.281800881672218,0
2019-06-01,Canada,27644.321902,2019,6,2,0,1,1,1,1,0,Targeted Tariffs (2018-2024),10.227175629695651,0
2019-07-01,Canada,26760.527218,2019,7,3,0,1,1,1,1,0,Targeted Tariffs (2018-2024),10.194683215767071,0
2019-08-01,Canada,26634.18279,2019,8,3,0,1,1,1,1,0,Targeted Tariffs (2018-2024),10.189950737070754,0
2019-09-01,Canada,26851.540839,2019,9,3,0,1,1,1,1,0,Targeted Tariffs (2018-2024),10.198078485217819,0
2019-10-01,Canada,28534.087504,2019,10,4,0,1,1,1,1,0,Targeted Tariffs (2018-2024),10.258854704327378,0
2019-11-01,Canada,25240.12241,2019,11,4,0,1,1,1,1,0,Targeted Tariffs (2018-2024),10.13619016648491,0
2019-12-01,Canada,27283.700321,2019,12,4,0,1,1,1,1,0,Targeted Tariffs (2018-2024),10.214044745024214,0
2020-01-01,Canada,25286.848208,2020,1,1,0,1,1,1,1,0,Targeted Tariffs (2018-2024),10.138039705879354,0
2020-02-01,Canada,24339.034042,2020,2,1,0,1,1,1,1,0,Targeted Tariffs (2018-2024),10.099836679722783,0
2020-03-01,Canada,25080.381294,2020,3,1,0,1,1,1,1,0,Targeted Tariffs (2018-2024),10.129841197741339,0
2020-04-01,Canada,14936.992515,2020,4,2,0,1,1,1,1,0,Targeted Tariffs (2018-2024),9.611596134205527,0
2020-05-01,Canada,15842.688055,2020,5,2,0,1,1,1,1,0,Targeted Tariffs (2018-2024),9.670463351412845,0
2020-06-01,Canada,20315.178877,2020,6,2,0,1,1,1,1,0,Targeted Tariffs (2018-2024),9.919123613551657,0
2020-07-01,Canada,22329.745268,2020,7,3,0,1,1,1,1,0,Targeted Tariffs (2018-2024),10.01367493715606,0
2020-08-01,Canada,23748.921934,2020,8,3,0,1,1,1,1,0,Targeted Tariffs (2018-2024),10.075292416179897,0
2020-09-01,Canada,24595.47813,2020,9,3,0,1,1,1,1,0,Targeted Tariffs (2018-2024),10.110317889170592,0
2020-10-01,Canada,24853.058195,2020,10,4,0,1,1,1,1,0,Targeted Tariffs (2018-2024),10.120736090149935,0
2020-11-01,Canada,24064.87626,2020,11,4,0,1,1,1,1,0,Targeted Tariffs (2018-2024),10.088508639816656,0
2020-12-01,Canada,24632.320835,2020,12,4,0,1,1,1,1,0,Targeted Tariffs (2018-2024),10.111814714649423,0
2021-01-01,Canada,24721.034157,2021,1,1,0,1,1,1,1,0,Targeted Tariffs (2018-2024),10.115409745526671,0
2021-02-01,Canada,25215.553563,2021,2,1,0,1,1,1,1,0,Targeted Tariffs (2018-2024),10.135216287987872,0
2021-03-01,Canada,29809.929563,2021,3,1,0,1,1,1,1,0,Targeted Tariffs (2018-2024),10.302596823804516,0
2021-04-01,Canada,27484.17813,2021,4,2,0,1,1,1,1,0,Targeted Tariffs (2018-2024),10.221365777355404,0
2021-05-01,Canada,29040.495464,2021,5,2,0,1,1,1,1,0,Targeted Tariffs (2018-2024),10.276446530225694,0
2021-06-01,Canada,32160.938378,2021,6,2,0,1,1,1,1,0,Targeted Tariffs (2018-2024),10.37850790128762,0
2021-07-01,Canada,29809.808476,2021,7,3,0,1,1,1,1,0,Targeted Tariffs (2018-2024),10.302592761827594,0
2021-08-01,Canada,30951.33759,2021,8,3,0,1,1,1,1,0,Targeted Tariffs (2018-2024),10.340171494949479,0
2021-09-01,Canada,29926.457015,2021,9,3,0,1,1,1,1,0,Targeted Tariffs (2018-2024),10.306498218129798,0
2021-10-01,Canada,31577.065125,2021,10,4,0,1,1,1,1,0,Targeted Tariffs (2018-2024),10.360186348880431,0
2021-11-01,Canada,33810.91166,2021,11,4,0,1,1,1,1,0,Targeted Tariffs (2018-2024),10.428538859550175,0
2021-12-01,Canada,32766.954323,2021,12,4,0,1,1,1,1,0,Targeted Tariffs (2018-2024),10.397175796360456,0
2022-01-01,Canada,31594.623009,2022,1,1,0,1,1,1,1,0,Targeted Tariffs (2018-2024),10.36074222715346,0
2022-02-01,Canada,31010.687011,2022,2,1,0,1,1,1,1,0,Targeted Tariffs (2018-2024),10.342087166347635,0
2022-03-01,Canada,40050.126971,2022,3,1,0,1,1,1,1,0,Targeted Tariffs (2018-2024),10.59788712280359,0
2022-04-01,Canada,38075.192179,2022,4,2,0,1,1,1,1,0,Targeted Tariffs (2018-2024),10.547318225130795,0
2022-05-01,Canada,40460.884877,2022,5,2,0,1,1,1,1,0,Targeted Tariffs (2018-2024),10.608090980897808,0
2022-06-01,Canada,41003.98085,2022,6,2,0,1,1,1,1,0,Targeted Tariffs (2018-2024),10.621424434875577,0
2022-07-01,Canada,37900.279352,2022,7,3,0,1,1,1,1,0,Targeted Tariffs (2018-2024),10.542713761808525,0
2022-08-01,Canada,38931.686757,2022,8,3,0,1,1,1,1,0,Targeted Tariffs (2018-2024),10.569563767613472,0
2022-09-01,Canada,35912.456058,2022,9,3,0,1,1,1,1,0,Targeted Tariffs (2018-2024),10.488839479701694,0
2022-10-01,Canada,34665.768699,2022,10,4,0,1,1,1,1,0,Targeted Tariffs (2018-2024),10.453507986206452,0
2022-11-01,Canada,33775.58205,2022,11,4,0,1,1,1,1,0,Targeted Tariffs (2018-2024),10.427493395840532,0
2022-12-01,Canada,34036.321746,2022,12,4,0,1,1,1,1,0,Targeted Tariffs (2018-2024),10.435183520033242,0
2023-01-01,Canada,34893.290909,2023,1,1,0,1,1,1,1,0,Targeted Tariffs (2018-2024),10.46004985214604,0
2023-02-01,Canada,31574.058175,2023,2,1,0,1,1,1,1,0,Targeted Tariffs (2018-2024),10.360091118586967,0
2023-03-01,Canada,36432.297454,2023,3,1,0,1,1,1,1,0,Targeted Tariffs (2018-2024),10.503210952905675,0
2023-04-01,Canada,33927.907604,2023,4,2,0,1,1,1,1,0,Targeted Tariffs (2018-2024),10.431993187854326,0
2023-05-01,Canada,36540.146893,2023,5,2,0,1,1,1,1,0,Targeted Tariffs (2018-2024),10.506166849984126,0
2023-06-01,Canada,34880.582776,2023,6,2,0,1,1,1,1,0,Targeted Tariffs (2018-2024),10.459685585910862,0
2023-07-01,Canada,33038.52148,2023,7,3,0,1,1,1,1,0,Targeted Tariffs (2018-2024),10.405429477238958,0
2023-08-01,Canada,36243.063174,2023,8,3,0,1,1,1,1,0,Targeted Tariffs (2018-2024),10.498003281253782,0
2023-09-01,Canada,34898.936127,2023,9,3,0,1,1,1,1,0,Targeted Tariffs (2018-2024),10.46021162425884,0
2023-10-01,Canada,36341.144651,2023,10,4,0,1,1,1,1,0,Targeted Tariffs (2018-2024),10.500705839830543,0
2023-11-01,Canada,36179.293393,2023,11,4,0,1,1,1,1,0,Targeted Tariffs (2018-2024),10.496242228437948,0
2023-12-01,Canada,33061.079341,2023,12,4,0,1,1,1,1,0,Targeted Tariffs (2018-2024),10.406112018785215,0
2024-01-01,Canada,33398.588229,2024,1,1,0,1,1,1,1,0,Targeted Tariffs (2018-2024),10.416268909478635,0
2024-02-01,Canada,33144.865098,2024,2,1,0,1,1,1,1,0,Targeted Tariffs (2018-2024),10.408643084611393,0
2024-03-01,Canada,34033.74013,2024,3,1,0,1,1,1,1,0,Targeted Tariffs (2018-2024),10.435107668302535,0
2024-04-01,Canada,34385.460652,2024,4,2,0,1,1,1,1,0,Targeted Tariffs (2018-2024),10.445389098552377,0
2024-05-01,Canada,35640.449318,2024,5,2,0,1,1,1,1,0,Targeted Tariffs (2018-2024),10.481236488632101,0
2024-06-01,Canada,34411.909387,2024,6,2,0,1,1,1,1,0,Targeted Tariffs (2018-2024),10.446157986557486,0
2024-07-01,Canada,35918.844645,2024,7,3,0,1,1,1,1,0,Targeted Tariffs (2018-2024),10.489017357227349,0
2024-08-01,Canada,32864.659556,2024,8,3,0,1,1,1,1,0,Targeted Tariffs (2018-2024),10.400153181782011,0
2024-09-01,Canada,34551.942302,2024,9,3,0,1,1,1,1,0,Targeted Tariffs (2018-2024),10.45021904475028,0
2024-10-01,Canada,34476.23084,2024,10,4,0,1,1,1,1,0,Targeted Tariffs (2018-2024),10.448025404417226,0
2024-11-01,Canada,33499.439809,2024,11,4,0,1,1,1,1,0,Targeted Tariffs (2018-2024),10.419283995553938,0
2024-12-01,Canada,35560.553402,2024,12,4,0,1,1,1,1,0,Targeted Tariffs (2018-2024),10.478992251992686,0
2025-01-01,Canada,38338.463539,2025,1,1,0,1,1,1,1,1,Universal Tariffs (2025),10.55420894117482,0
2025-02-01,Canada,34924.705129,2025,2,1,0,1,1,1,1,1,Universal Tariffs (2025),10.46094974111171,0
2025-03-01,Canada,35667.617565,2025,3,1,0,1,1,1,1,1,Universal Tariffs (2025),10.481998485121478,0
2025-04-01,Canada,29437.590305,2025,4,2,0,1,1,1,1,1,Universal Tariffs (2025),10.290027718439843,0
2025-05-01,Canada,30167.96987,2025,5,2,0,1,1,1,1,1,Universal Tariffs (2025),10.314536040197307,0
2025-06-01,Canada,29687.708963,2025,6,2,0,1,1,1,1,1,Universal Tariffs (2025),10.29848839950591,0
2025-07-01,Canada,32171.990358,2025,7,3,0,1,1,1,1,1,Universal Tariffs (2025),10.378851488322312,0
2025-08-01,Canada,29403.96792,2025,8,3,0,1,1,1,1,1,Universal Tariffs (2025),10.288884907485357,0
